well,code
A1,CTATTCG
A10,GATAGTC
A11,CGCTTGA
A12,GCATCAG
A13,CATGAAC
A14,TACGACT
A15,CTTAGTG
A16,TATGTCC
A17,TGGAGCA
A18,GTAATCC
A19,AGTCTCC
A2,AGAGCAT
A20,TCAGCCT
A21,GCTTCAT
A22,GGACTTC
A23,CCTGATG
A24,CAGGAAT
A3,GTATGCG
A4,GGTCTTA
A5,TGTCACG
A6,GGTTCAA
A7,CCTAAGG
A8,CTGGAAG
A9,TTCAAGC
B1,TGATCCG
B10,CCGTGTA
B11,CGGATGT
B12,ATCGCCA
B13,CGATGAT
B14,ATGCGCA
B15,AGCTGGA
B16,GTTCATG
B17,GTTGCTA
B18,TCTAGTC
B19,CGAGATT
B2,GAGTTCT
B20,ACGGTAG
B21,CGTCCAA
B22,CAAGTTG
B23,GAGCTTC
B24,TAGCCGA
B3,TGACGTC
B4,AGTTCGC
B5,ATGCTAC
B6,AGGTCTG
B7,AGGTTCG
B8,ATTCCAG
B9,GCTACGT
C1,ACTCAGG
C10,GACCTGT
C11,GATCACA
C12,TGCTGAG
C13,TACTAGC
C14,CGTGCAT
C15,GGCTAGA
C16,TACCGAT
C17,CAATCGA
C18,GTCACAC
C19,GACACTG
C2,GTCATGC
C20,CACAGTA
C21,GGCACTT
C22,GCTCATA
C23,CACAGAT
C24,GCCATTC
C3,ATCTGCA
C4,CGGTCTA
C5,TTCCTGA
C6,CAAGGTT
C7,GGCGATT
C8,ATAGCCT
C9,CTGTGAG
D1,TACTCGA
D10,CTGTCCA
D11,CTTCAGT
D12,ACTCTTG
D13,AATCACG
D14,CTACGAT
D15,GCTTAAG
D16,CAGCGAT
D17,AAGTGCA
D18,GCGTTAG
D19,CGTTACG
D2,TTCAGGA
D20,TGCCAGA
D21,TGAATCC
D22,ATCACGG
D23,GATCGCT
D24,TGGCTAT
D3,GCTACCA
D4,TACCATG
D5,GGTATCA
D6,CGAATTC
D7,GAACCTC
D8,ACGTCAA
D9,TCACTGA
E1,ACACGTG
E10,CATGAGG
E11,GTGCTAT
E12,ACGTTGG
E13,GCAACTA
E14,AATGCCG
E15,TTGCCAG
E16,GCATCCA
E17,TTGCAGA
E18,TTCAGTC
E19,ATCAGGC
E2,ACGCTTC
E20,GTCGAGA
E21,CGAGTCT
E22,GTTCAAC
E23,CTTCGAA
E24,TGGACAC
E3,GCAGTAG
E4,TGAGCAG
E5,GGATCTA
E6,ACTGTCC
E7,GCTGAAT
E8,GTAACGT
E9,CTAGTGC
F1,TTAGCGT
F10,TCACAGT
F11,TCTCATG
F12,ATTGACG
F13,TACTGAC
F14,ATGTCGC
F15,GCCGTAA
F16,ACTACTG
F17,GCGACAT
F18,TAGAGCC
F19,CGACGTT
F2,GACGTCT
F20,TCCATGC
F21,GGCATAC
F22,AAGACTC
F23,TGTCTCA
F24,TTACTGC
F3,GGACGAT
F4,GTTCGGA
F5,GCTACTC
F6,TAGCGTG
F7,AGTGTAC
F8,CTGATCA
F9,CGCAATC
G1,TCTTCGA
G10,CAACGGT
G11,AGGCTAG
G12,GACTGTG
G13,AGGCGTT
G14,AGCTGTT
G15,CGTTGAA
G16,CGTACTC
G17,ACCGATC
G18,ACAATCG
G19,CGGATTA
G2,TCTTAGG
G20,AGATGCG
G21,CAGTCAA
G22,ACGATGC
G23,CGTCAGA
G24,GTTACCT
G3,CAGTACG
G4,GCATGAT
G5,TACCAGT
G6,TCTAACG
G7,GAATAGC
G8,CACGAGT
G9,CTTGCAG
H1,AACCTTG
H10,TCAACGT
H11,TTGCCTA
H12,AGCCTTC
H13,ACAGCTC
H14,GTAACTG
H15,ATCCAGG
H16,TGGATGC
H17,GTCGTCA
H18,TGCGTAT
H19,ACATGCT
H2,TCACTTG
H20,CACCTAG
H21,AAGGCTA
H22,CGGTATT
H23,CCATGAC
H24,GGACATT
H3,GACATCC
H4,TGGTACC
H5,AGGACAT
H6,ATGTGCC
H7,CTCGATC
H8,CTGTGGA
H9,TTGCACC
I1,AGCACTG
I10,CGATATC
I11,CTACGTA
I12,GACGCTA
I13,CGCTACA
I14,GCATCGT
I15,TCGAAGG
I16,AGCAGGT
I17,CTGATGG
I18,CATGTGC
I19,TCTCGAA
I2,TGATGAC
I20,GCATACT
I21,TGCCTAA
I22,TGAGACC
I23,TCGACTC
I24,CTTGTAC
I3,TGCACAA
I4,GAGCTAG
I5,GGAGACT
I6,AGTCGAC
I7,ACTGCAG
I8,AGTACCT
I9,ATGCCAA
J1,CACGTCA
J10,CAGTTGT
J11,TATCCGC
J12,GAATCTG
J13,TGCACGT
J14,AGTCAGT
J15,ACACTGG
J16,GAAGTCC
J17,ACATCCG
J18,GGACTAA
J19,GCAATTG
J2,AGATACC
J20,GCTCTAA
J21,TATCGCG
J22,CGCCATT
J23,CATCTGG
J24,ATTCAGC
J3,CTAGCTC
J4,CTGTCAT
J5,CTATCGT
J6,AGTGAGC
J7,GCTTGTA
J8,TAAGGCT
J9,TCTACAG
K1,AGTGCGT
K10,GAGATCG
K11,ATAGCGA
K12,TCGTGAG
K13,AAGGTAC
K14,CATGGAT
K15,TATAGGC
K16,CATTGGA
K17,GCTTAGA
K18,ATGACGT
K19,ACGCTAT
K2,GTAAGTC
K20,TAGACCA
K21,CCTGACT
K22,GGTCCAT
K23,CCATGGT
K24,ATAGGTC
K3,CGTAACT
K4,CATTGTC
K5,AGCTAGT
K6,AACATCG
K7,CTTACGG
K8,CTGTATG
K9,CATGCTG
L1,CCGCATT
L10,GTCAGTG
L11,TAACAGC
L12,GTCACTA
L13,GCCATAG
L14,TAGACGC
L15,GTTGCAC
L16,GATTCAG
L17,GGTCTAG
L18,TGACATG
L19,ACGTGGT
L2,CTTGACC
L20,CGGTTAT
L21,CGAACTT
L22,GTCCATA
L23,TACGGTC
L24,ATTCGCG
L3,GATGTAC
L4,GAGTCTT
L5,TGCACTC
L6,TAGGTGC
L7,ATCGTGA
L8,CTATGCC
L9,GACCTAA
M1,AACGTTC
M10,GCTGACA
M11,GTAGTCT
M12,ACGGATA
M13,AAGCCTT
M14,ATTCCGT
M15,AACAGCT
M16,GCATGGA
M17,TACGAGG
M18,GGAACCT
M19,TCGATAC
M2,ATCTACG
M20,TAGGCAT
M21,TCTGGAG
M22,GGTGATC
M23,TACGTAC
M24,ATGGCTC
M3,AGCTCAA
M4,GTTAGGC
M5,ACTTGGC
M6,CCATTGC
M7,CGCATAT
M8,CTCATGA
M9,CTAAGCG
N1,TGTGACT
N10,CTAGAGT
N11,CCGAAGT
N12,TAGTGGC
N13,CGCATTG
N14,ACCAGTG
N15,TCAGTGG
N16,AGGCATG
N17,TAATGCC
N18,TTAGGCA
N19,CAGTTCA
N2,GGAATCG
N20,GTCCAAG
N21,CTAGACG
N22,TCCTGTA
N23,CGAGTAG
N24,TGAAGCT
N3,TCGCCAA
N4,GCTAGAA
N5,GATGCTC
N6,AGTTGCA
N7,CGTATGA
N8,GTTAGCG
N9,CAGCACT
O1,ATCTGTC
O10,TTGGTCA
O11,CTACAAG
O12,CAGCGTA
O13,CTACAGC
O14,CATACAG
O15,TCACAAG
O16,CGAAGGT
O17,AACGGTG
O18,ACAGGTA
O19,TGACGGA
O2,GTACGGT
O20,GTTGACT
O21,AACTCGT
O22,CAATGCG
O23,TACCGGA
O24,CAACATG
O3,ATAACCG
O4,CTTAAGC
O5,TAGCGCA
O6,TGCTACT
O7,GCCTACA
O8,AGATCAC
O9,AGCCGAT
P1,CGTACGT
P10,TGACACA
P11,CGAGTGA
P12,AGGAGTC
P13,GAGACTA
P14,CATCCGT
P15,GGTATGC
P16,AGATCGA
P17,CAACTGA
P18,GAGCTGA
P19,TTCATGG
P2,CGTGAGT
P20,CTACCGA
P21,TCCGCAT
P22,TCGTAGC
P23,GACACCT
P24,CACGTAT
P3,ACTCGGT
P4,CGACACT
P5,GACGTAG
P6,GTGGTAC
P7,GTGTCTA
P8,GAGGATC
P9,ATGAGCG
